id,name,role,status
1,User_1,Developer,Active
2,User_2,Developer,Active
3,User_3,Developer,Active
4,User_4,Developer,Active
5,User_5,Developer,Active
6,User_6,Developer,Active
7,User_7,Developer,Active
8,User_8,Developer,Active
9,User_9,Developer,Active
10,User_10,Developer,Active
11,User_11,Developer,Active
12,User_12,Developer,Active
13,User_13,Developer,Active
14,User_14,Developer,Active
15,User_15,Developer,Active
16,User_16,Developer,Active
17,User_17,Developer,Active
18,User_18,Developer,Active
19,User_19,Developer,Active
20,User_20,Developer,Active
21,User_21,Developer,Active
22,User_22,Developer,Active
23,User_23,Developer,Active
24,User_24,Developer,Active
25,User_25,Developer,Active
26,User_26,Developer,Active
27,User_27,Developer,Active
28,User_28,Developer,Active
29,User_29,Developer,Active
30,User_30,Developer,Active
31,User_31,Developer,Active
32,User_32,Developer,Active
33,User_33,Developer,Active
34,User_34,Developer,Active
35,User_35,Developer,Active
36,User_36,Developer,Active
37,User_37,Developer,Active
38,User_38,Developer,Active
39,User_39,Developer,Active
40,User_40,Developer,Active
41,User_41,Developer,Active
42,User_42,Developer,Active
43,User_43,Developer,Active
44,User_44,Developer,Active
45,User_45,Developer,Active
46,User_46,Developer,Active
47,User_47,Developer,Active
48,User_48,Developer,Active
49,User_49,Developer,Active
50,User_50,Developer,Active
